<?xml version = '1.0' encoding = 'UTF-8'?>
<Relation class="oracle.dbtools.crest.model.design.logical.Relation" name="Relation_15" directorySegmentName="seg_0" id="15F8801D-98DE-58E8-09FC-F659476DED1A">
<createdBy>Wesley Pegoraro</createdBy>
<createdTime>2023-04-26 19:02:30 UTC</createdTime>
<ownerDesignName>ER Model - SIP</ownerDesignName>
<engineerTo>
<item key="8E0753E1-8CC5-BCC0-C7B8-1D41A2E4CBBC" value="true"/>
</engineerTo>
<sourcePk>17ACD34B-6639-68A2-E2F0-12D75FE7866B</sourcePk>
<identifying>true</identifying>
<optionalSource>true</optionalSource>
<optionalTarget>false</optionalTarget>
<sourceCardinality>1</sourceCardinality>
<sourceEntity>CDB53567-B883-CFB0-78CC-03743FA77E70</sourceEntity>
<targetCardinalityString>*</targetCardinalityString>
<targetEntity>591EA55F-DB47-9117-6109-9099A3EF48E2</targetEntity>
<transferable>true</transferable>
<deleteRule>NO ACTION</deleteRule>
</Relation>