<?xml version = '1.0' encoding = 'UTF-8'?>
<Diagram class="oracle.dbtools.crest.swingui.logical.DPVLogical" name="Logical" id="75BE6E03-D2BD-5F58-0757-BE6D0604B29D">
<createdBy>Wesley Pegoraro</createdBy>
<modifiedBy>Wesley Pegoraro</modifiedBy>
<createdTime>2023-03-29 17:37:33 UTC</createdTime>
<autoRoute>false</autoRoute>
<boxInbox>true</boxInbox>
<showLegend>false</showLegend>
<showLabels>false</showLabels>
<showRelAttributes>false</showRelAttributes>
<gridEnabled>false</gridEnabled>
<showGrid>false</showGrid>
<diagramColor>-1</diagramColor>
<display>false</display>
<notation>2</notation>
<objectViews>
<OView class="oracle.dbtools.crest.swingui.TVNote" oid="4BDC1A8F-7188-CD58-67D7-2DBE098B0444" otype="Note" vid="EA5D2841-AA75-15BA-44ED-06BD6626D502">
<hideElementsInCurrentOnly>false</hideElementsInCurrentOnly>
<bounds x="187" y="14" width="196" height="36"/>
<comment>Relacionamento 1:n normal
Linha tracejada</comment>
</OView>
<OView class="oracle.dbtools.crest.swingui.logical.TVEntity" oid="591EA55F-DB47-9117-6109-9099A3EF48E2" otype="Entity" vid="267EFA3B-3425-BD53-0685-BCCB8FB48A94">
<hideElementsInCurrentOnly>false</hideElementsInCurrentOnly>
<bounds x="356" y="254" width="300" height="117"/>
<useDefaultColor>false</useDefaultColor>
<backgroundColor>-13108</backgroundColor>
<foregroundColor>-16776961</foregroundColor>
</OView>
<OView class="oracle.dbtools.crest.swingui.TVNote" oid="6BF9EE69-78DD-BF7B-8C1C-D7EC16C01FC5" otype="Note" vid="F3E8CD43-C4EC-1095-6B87-D270F6C7ABE2">
<hideElementsInCurrentOnly>false</hideElementsInCurrentOnly>
<bounds x="904" y="131" width="92" height="24"/>
<comment>Entidade fraca</comment>
</OView>
<OView class="oracle.dbtools.crest.swingui.logical.TVEntity" oid="6E95F351-500F-3E8C-47E2-4B27F2EBB8E1" otype="Entity" vid="C1238BEE-B0FF-BE1B-570C-B9C8A1DA9214">
<hideElementsInCurrentOnly>false</hideElementsInCurrentOnly>
<bounds x="809" y="26" width="187" height="102"/>
<useDefaultColor>false</useDefaultColor>
<backgroundColor>-52</backgroundColor>
<foregroundColor>-16776961</foregroundColor>
</OView>
<OView class="oracle.dbtools.crest.swingui.TVNote" oid="75ED7355-E6A0-9611-0B60-8889F97C4A58" otype="Note" vid="7D74114C-73DB-0918-6575-ADDCB09A82D4">
<hideElementsInCurrentOnly>false</hideElementsInCurrentOnly>
<bounds x="477" y="374" width="123" height="26"/>
<comment>Entidade associativa</comment>
</OView>
<OView class="oracle.dbtools.crest.swingui.logical.TVEntity" oid="B4D20A4D-80F7-8923-2237-5524072DD659" otype="Entity" vid="97C4C148-9BDC-F819-B3D4-79AEAA1EF6C9">
<hideElementsInCurrentOnly>false</hideElementsInCurrentOnly>
<bounds x="3" y="32" width="180" height="96"/>
</OView>
<OView class="oracle.dbtools.crest.swingui.logical.TVEntity" oid="CDB53567-B883-CFB0-78CC-03743FA77E70" otype="Entity" vid="952B7468-1FE2-F01A-30DA-9FF65E31C622">
<hideElementsInCurrentOnly>false</hideElementsInCurrentOnly>
<bounds x="814" y="256" width="189" height="109"/>
</OView>
<OView class="oracle.dbtools.crest.swingui.logical.TVEntity" oid="DE0CD6DC-2135-683E-30E7-4062730E7C5A" otype="Entity" vid="38ABCCDD-BA7D-B0C8-E5D9-BE874BFBC988">
<hideElementsInCurrentOnly>false</hideElementsInCurrentOnly>
<bounds x="389" y="4" width="220" height="145"/>
</OView>
<OView class="oracle.dbtools.crest.swingui.TVNote" oid="ED58DA00-D058-E905-E1D1-120088758712" otype="Note" vid="02A48572-04CC-94CF-ADEA-72F19C6A0491">
<hideElementsInCurrentOnly>false</hideElementsInCurrentOnly>
<bounds x="615" y="20" width="190" height="36"/>
<comment>Relacionamento 1:n - identificado
Linha contínua</comment>
</OView>
</objectViews>
<connectors>
<Connector class="oracle.dbtools.crest.swingui.logical.TVRelation" oid="15F8801D-98DE-58E8-09FC-F659476DED1A" otype="Relation" vid_source="952B7468-1FE2-F01A-30DA-9FF65E31C622" vid_target="267EFA3B-3425-BD53-0685-BCCB8FB48A94">
<hideElementsInCurrentOnly>false</hideElementsInCurrentOnly>
<backgroundColor>-16777216</backgroundColor>
<lineWidth>1</lineWidth>
<points>
<point x="814" y="299"/>
<point x="726" y="299"/>
<point x="656" y="299"/>
</points>
</Connector>
<Connector class="oracle.dbtools.crest.swingui.logical.TVRelation" oid="22742EEF-61D1-D345-45B0-557D3CB7CF2F" otype="Relation" vid_source="38ABCCDD-BA7D-B0C8-E5D9-BE874BFBC988" vid_target="267EFA3B-3425-BD53-0685-BCCB8FB48A94">
<hideElementsInCurrentOnly>false</hideElementsInCurrentOnly>
<backgroundColor>-16777216</backgroundColor>
<lineWidth>1</lineWidth>
<points>
<point x="504" y="149"/>
<point x="504" y="184"/>
<point x="504" y="254"/>
</points>
</Connector>
<Connector class="oracle.dbtools.crest.swingui.logical.TVRelation" oid="295B596D-DF88-789E-F755-234A977E0FF1" otype="Relation" vid_source="97C4C148-9BDC-F819-B3D4-79AEAA1EF6C9" vid_target="38ABCCDD-BA7D-B0C8-E5D9-BE874BFBC988">
<hideElementsInCurrentOnly>false</hideElementsInCurrentOnly>
<backgroundColor>-16777216</backgroundColor>
<lineWidth>1</lineWidth>
<points>
<point x="183" y="80"/>
<point x="389" y="80"/>
</points>
</Connector>
<Connector class="oracle.dbtools.crest.swingui.logical.TVRelation" oid="866853CF-1B2D-22CC-D6EB-C43B140E5BA1" otype="Relation" vid_source="38ABCCDD-BA7D-B0C8-E5D9-BE874BFBC988" vid_target="C1238BEE-B0FF-BE1B-570C-B9C8A1DA9214">
<hideElementsInCurrentOnly>false</hideElementsInCurrentOnly>
<backgroundColor>-16777216</backgroundColor>
<lineWidth>1</lineWidth>
<points>
<point x="609" y="77"/>
<point x="809" y="77"/>
</points>
</Connector>
</connectors>
</Diagram>