<?xml version = '1.0' encoding = 'UTF-8'?>
<Entity class="oracle.dbtools.crest.model.design.logical.Entity" directorySegmentName="seg_0" id="591EA55F-DB47-9117-6109-9099A3EF48E2" name="T_SIP_IMPLANTACAO">
<createdBy>Wesley Pegoraro</createdBy>
<createdTime>2023-03-29 17:46:09 UTC</createdTime>
<ownerDesignName>ER Model - SIP</ownerDesignName>
<engineerTo>
<item key="8E0753E1-8CC5-BCC0-C7B8-1D41A2E4CBBC" value="true"/>
</engineerTo>
<adequatelyNormalized>NO</adequatelyNormalized>
<expectedVolumes>0</expectedVolumes>
<fwdEngineeringStrategyName>Single Table</fwdEngineeringStrategyName>
<growthPercent>0</growthPercent>
<growthType>Year</growthType>
<maxVolumes>9999999</maxVolumes>
<minVolumes>0</minVolumes>
<normalForm>Third</normalForm>
<attributes itemClass="oracle.dbtools.crest.model.design.logical.Attribute">
<Attribute name="cd_projeto" id="D7A65039-768F-31A2-C6D3-EA1C444359A6">
<createdBy>Wesley Pegoraro</createdBy>
<createdTime>2023-05-03 12:23:02 UTC</createdTime>
<generatorID>15F8801D-98DE-58E8-09FC-F659476DED1A</generatorID>
<ownerDesignName>ER Model - SIP</ownerDesignName>
<engineerTo>
<item key="8E0753E1-8CC5-BCC0-C7B8-1D41A2E4CBBC" value="true"/>
</engineerTo>
<referedAttribute>8748B5F1-765C-9B1A-47E6-9C2799F4701A</referedAttribute>
<useDomainConstraints>false</useDomainConstraints>
<use>1</use>
<logicalDatatype>LOGDT019</logicalDatatype>
<dataTypePrecision>5</dataTypePrecision>
<ownDataTypeParameters>,5,</ownDataTypeParameters>
</Attribute>
<Attribute name="cd_implantacao" id="887B1F9F-3F12-5BE5-7C7D-6AFBF075B0C2">
<createdBy>Wesley Pegoraro</createdBy>
<createdTime>2023-03-29 17:46:20 UTC</createdTime>
<ownerDesignName>ER Model - SIP</ownerDesignName>
<engineerTo>
<item key="8E0753E1-8CC5-BCC0-C7B8-1D41A2E4CBBC" value="true"/>
</engineerTo>
<useDomainConstraints>false</useDomainConstraints>
<use>1</use>
<logicalDatatype>LOGDT019</logicalDatatype>
<dataTypePrecision>3</dataTypePrecision>
<ownDataTypeParameters>,3,</ownDataTypeParameters>
</Attribute>
<Attribute name="nr_matricula" id="DEBC522B-B98F-CA1B-758C-CEE9FA6F7487">
<createdBy>Wesley Pegoraro</createdBy>
<createdTime>2023-05-03 11:43:26 UTC</createdTime>
<generatorID>22742EEF-61D1-D345-45B0-557D3CB7CF2F</generatorID>
<ownerDesignName>ER Model - SIP</ownerDesignName>
<engineerTo>
<item key="8E0753E1-8CC5-BCC0-C7B8-1D41A2E4CBBC" value="true"/>
</engineerTo>
<referedAttribute>4E63C1F1-C855-A230-E13F-B7998FC8DE2E</referedAttribute>
<useDomainConstraints>false</useDomainConstraints>
<use>1</use>
<logicalDatatype>LOGDT019</logicalDatatype>
<dataTypePrecision>5</dataTypePrecision>
<ownDataTypeParameters>,5,</ownDataTypeParameters>
</Attribute>
<Attribute name="dt_entrada" id="22CA1965-C415-32FB-AA07-ACB68448818A">
<createdBy>Wesley Pegoraro</createdBy>
<createdTime>2023-03-29 17:46:27 UTC</createdTime>
<ownerDesignName>ER Model - SIP</ownerDesignName>
<engineerTo>
<item key="8E0753E1-8CC5-BCC0-C7B8-1D41A2E4CBBC" value="true"/>
</engineerTo>
<useDomainConstraints>false</useDomainConstraints>
<use>1</use>
<logicalDatatype>LOGDT007</logicalDatatype>
<ownDataTypeParameters>,,</ownDataTypeParameters>
</Attribute>
<Attribute name="dt_saida" id="6CB9B900-20E3-F3E2-B89A-D95BC90B7C30">
<createdBy>Wesley Pegoraro</createdBy>
<createdTime>2023-03-29 17:46:51 UTC</createdTime>
<ownerDesignName>ER Model - SIP</ownerDesignName>
<engineerTo>
<item key="8E0753E1-8CC5-BCC0-C7B8-1D41A2E4CBBC" value="true"/>
</engineerTo>
<nullsAllowed>true</nullsAllowed>
<useDomainConstraints>false</useDomainConstraints>
<use>1</use>
<logicalDatatype>LOGDT007</logicalDatatype>
<ownDataTypeParameters>,,</ownDataTypeParameters>
</Attribute>
</attributes>
<identifiers itemClass="oracle.dbtools.crest.model.design.logical.CandidateKey">
<identifier id="783CAD4D-00B7-11C3-4E32-9F656744592B" name="T_SIP_IMPLANTAÇÃO PK">
<createdBy>Wesley Pegoraro</createdBy>
<createdTime>2023-03-29 17:46:24 UTC</createdTime>
<ownerDesignName>ER Model - SIP</ownerDesignName>
<engineerTo>
<item key="8E0753E1-8CC5-BCC0-C7B8-1D41A2E4CBBC" value="true"/>
</engineerTo>
<pk>true</pk>
<usedAttributes>
<attributeRef>D7A65039-768F-31A2-C6D3-EA1C444359A6</attributeRef>
<attributeRef>887B1F9F-3F12-5BE5-7C7D-6AFBF075B0C2</attributeRef>
</usedAttributes>
</identifier>
</identifiers>
</Entity>