<?xml version = '1.0' encoding = 'UTF-8'?>
<Entity class="oracle.dbtools.crest.model.design.logical.Entity" directorySegmentName="seg_0" id="CDB53567-B883-CFB0-78CC-03743FA77E70" name="T_SIP_PROJETO">
<createdBy>Wesley Pegoraro</createdBy>
<createdTime>2023-03-29 17:44:51 UTC</createdTime>
<ownerDesignName>ER Model - SIP</ownerDesignName>
<engineerTo>
<item key="8E0753E1-8CC5-BCC0-C7B8-1D41A2E4CBBC" value="true"/>
</engineerTo>
<adequatelyNormalized>NO</adequatelyNormalized>
<expectedVolumes>0</expectedVolumes>
<fwdEngineeringStrategyName>Single Table</fwdEngineeringStrategyName>
<growthPercent>0</growthPercent>
<growthType>Year</growthType>
<maxVolumes>9999999</maxVolumes>
<minVolumes>0</minVolumes>
<normalForm>Third</normalForm>
<attributes itemClass="oracle.dbtools.crest.model.design.logical.Attribute">
<Attribute name="cd_projeto" id="8748B5F1-765C-9B1A-47E6-9C2799F4701A">
<createdBy>Wesley Pegoraro</createdBy>
<createdTime>2023-03-29 17:45:09 UTC</createdTime>
<ownerDesignName>ER Model - SIP</ownerDesignName>
<engineerTo>
<item key="8E0753E1-8CC5-BCC0-C7B8-1D41A2E4CBBC" value="true"/>
</engineerTo>
<useDomainConstraints>false</useDomainConstraints>
<use>1</use>
<logicalDatatype>LOGDT019</logicalDatatype>
<dataTypePrecision>5</dataTypePrecision>
<ownDataTypeParameters>,5,</ownDataTypeParameters>
</Attribute>
<Attribute name="nm_projeto" id="1F3794B8-70FE-6D7B-87DA-F8724A913786">
<createdBy>Wesley Pegoraro</createdBy>
<createdTime>2023-03-29 17:45:16 UTC</createdTime>
<ownerDesignName>ER Model - SIP</ownerDesignName>
<engineerTo>
<item key="8E0753E1-8CC5-BCC0-C7B8-1D41A2E4CBBC" value="true"/>
</engineerTo>
<useDomainConstraints>false</useDomainConstraints>
<use>1</use>
<logicalDatatype>LOGDT024</logicalDatatype>
<dataTypeSize>40</dataTypeSize>
<ownDataTypeParameters>40,,</ownDataTypeParameters>
</Attribute>
<Attribute name="dt_inicio" id="98C3B1F9-D83D-94D1-34F9-3523A9641D27">
<createdBy>Wesley Pegoraro</createdBy>
<createdTime>2023-03-29 17:45:29 UTC</createdTime>
<ownerDesignName>ER Model - SIP</ownerDesignName>
<engineerTo>
<item key="8E0753E1-8CC5-BCC0-C7B8-1D41A2E4CBBC" value="true"/>
</engineerTo>
<useDomainConstraints>false</useDomainConstraints>
<use>1</use>
<logicalDatatype>LOGDT007</logicalDatatype>
<ownDataTypeParameters>,,</ownDataTypeParameters>
</Attribute>
<Attribute name="dt_termino" id="ED0D30B0-01D2-EA85-486D-BCA0DE0064C2">
<createdBy>Wesley Pegoraro</createdBy>
<createdTime>2023-03-29 17:45:41 UTC</createdTime>
<ownerDesignName>ER Model - SIP</ownerDesignName>
<engineerTo>
<item key="8E0753E1-8CC5-BCC0-C7B8-1D41A2E4CBBC" value="true"/>
</engineerTo>
<nullsAllowed>true</nullsAllowed>
<useDomainConstraints>false</useDomainConstraints>
<use>1</use>
<logicalDatatype>LOGDT007</logicalDatatype>
<ownDataTypeParameters>,,</ownDataTypeParameters>
</Attribute>
</attributes>
<identifiers itemClass="oracle.dbtools.crest.model.design.logical.CandidateKey">
<identifier id="17ACD34B-6639-68A2-E2F0-12D75FE7866B" name="T_SIP_PROJETO PK">
<createdBy>Wesley Pegoraro</createdBy>
<createdTime>2023-03-29 17:45:11 UTC</createdTime>
<ownerDesignName>ER Model - SIP</ownerDesignName>
<engineerTo>
<item key="8E0753E1-8CC5-BCC0-C7B8-1D41A2E4CBBC" value="true"/>
</engineerTo>
<pk>true</pk>
<usedAttributes>
<attributeRef>8748B5F1-765C-9B1A-47E6-9C2799F4701A</attributeRef>
</usedAttributes>
</identifier>
</identifiers>
</Entity>