<?xml version = '1.0' encoding = 'UTF-8'?>
<Entity class="oracle.dbtools.crest.model.design.logical.Entity" directorySegmentName="seg_0" id="6E95F351-500F-3E8C-47E2-4B27F2EBB8E1" name="T_SIP_DEPENDENTE">
<createdBy>Wesley Pegoraro</createdBy>
<createdTime>2023-03-29 17:43:45 UTC</createdTime>
<ownerDesignName>MODELAGEM PROJETO SIP</ownerDesignName>
<engineerTo>
<item key="8E0753E1-8CC5-BCC0-C7B8-1D41A2E4CBBC" value="true"/>
</engineerTo>
<adequatelyNormalized>NO</adequatelyNormalized>
<expectedVolumes>0</expectedVolumes>
<fwdEngineeringStrategyName>Single Table</fwdEngineeringStrategyName>
<growthPercent>0</growthPercent>
<growthType>Year</growthType>
<maxVolumes>9999999</maxVolumes>
<minVolumes>0</minVolumes>
<normalForm>Third</normalForm>
<attributes itemClass="oracle.dbtools.crest.model.design.logical.Attribute">
<Attribute name="nr_matricula" id="89BA25F9-058B-07BE-C404-9FFC2C7AE471">
<createdBy>Wesley Pegoraro</createdBy>
<createdTime>2023-05-03 11:43:26 UTC</createdTime>
<generatorID>866853CF-1B2D-22CC-D6EB-C43B140E5BA1</generatorID>
<ownerDesignName>MODELAGEM PROJETO SIP</ownerDesignName>
<engineerTo>
<item key="8E0753E1-8CC5-BCC0-C7B8-1D41A2E4CBBC" value="true"/>
</engineerTo>
<referedAttribute>4E63C1F1-C855-A230-E13F-B7998FC8DE2E</referedAttribute>
<useDomainConstraints>false</useDomainConstraints>
<use>1</use>
<logicalDatatype>LOGDT019</logicalDatatype>
<dataTypePrecision>5</dataTypePrecision>
<ownDataTypeParameters>,,</ownDataTypeParameters>
</Attribute>
<Attribute name="cd_dependente" id="11BDACDB-94D6-527D-6F08-1F3EB6535371">
<createdBy>Wesley Pegoraro</createdBy>
<createdTime>2023-03-29 17:43:57 UTC</createdTime>
<ownerDesignName>MODELAGEM PROJETO SIP</ownerDesignName>
<engineerTo>
<item key="8E0753E1-8CC5-BCC0-C7B8-1D41A2E4CBBC" value="true"/>
</engineerTo>
<useDomainConstraints>false</useDomainConstraints>
<use>1</use>
<logicalDatatype>LOGDT019</logicalDatatype>
<dataTypePrecision>2</dataTypePrecision>
<ownDataTypeParameters>,2,</ownDataTypeParameters>
</Attribute>
<Attribute name="nm_dependente" id="EFD624CF-CD5A-D7C0-4362-7F492526A73C">
<createdBy>Wesley Pegoraro</createdBy>
<createdTime>2023-03-29 17:44:05 UTC</createdTime>
<ownerDesignName>MODELAGEM PROJETO SIP</ownerDesignName>
<engineerTo>
<item key="8E0753E1-8CC5-BCC0-C7B8-1D41A2E4CBBC" value="true"/>
</engineerTo>
<useDomainConstraints>false</useDomainConstraints>
<use>1</use>
<logicalDatatype>LOGDT024</logicalDatatype>
<dataTypeSize>50</dataTypeSize>
<ownDataTypeParameters>50,,</ownDataTypeParameters>
</Attribute>
<Attribute name="dt_nascimento" id="7D362792-1508-66DB-7DA6-6DB5F9C066D7">
<createdBy>Wesley Pegoraro</createdBy>
<createdTime>2023-03-29 17:44:14 UTC</createdTime>
<ownerDesignName>MODELAGEM PROJETO SIP</ownerDesignName>
<engineerTo>
<item key="8E0753E1-8CC5-BCC0-C7B8-1D41A2E4CBBC" value="true"/>
</engineerTo>
<useDomainConstraints>false</useDomainConstraints>
<use>1</use>
<logicalDatatype>LOGDT007</logicalDatatype>
<ownDataTypeParameters>,,</ownDataTypeParameters>
</Attribute>
</attributes>
<identifiers itemClass="oracle.dbtools.crest.model.design.logical.CandidateKey">
<identifier id="E512A8B3-5DFF-42C0-0764-136D9E42F2C7" name="T_SIP_DEPENDENTE PK">
<createdBy>Wesley Pegoraro</createdBy>
<createdTime>2023-03-29 17:44:00 UTC</createdTime>
<ownerDesignName>MODELAGEM PROJETO SIP</ownerDesignName>
<engineerTo>
<item key="8E0753E1-8CC5-BCC0-C7B8-1D41A2E4CBBC" value="true"/>
</engineerTo>
<pk>true</pk>
<usedAttributes>
<attributeRef>89BA25F9-058B-07BE-C404-9FFC2C7AE471</attributeRef>
</usedAttributes>
</identifier>
</identifiers>
</Entity>