<?xml version = '1.0' encoding = 'UTF-8'?>
<Entity class="oracle.dbtools.crest.model.design.logical.Entity" directorySegmentName="seg_0" id="B4D20A4D-80F7-8923-2237-5524072DD659" name="T_SIP_DEPARTAMENTO">
<createdBy>Wesley Pegoraro</createdBy>
<createdTime>2023-03-29 17:37:33 UTC</createdTime>
<ownerDesignName>MODELAGEM PROJETO SIP</ownerDesignName>
<engineerTo>
<item key="8E0753E1-8CC5-BCC0-C7B8-1D41A2E4CBBC" value="true"/>
</engineerTo>
<adequatelyNormalized>NO</adequatelyNormalized>
<expectedVolumes>0</expectedVolumes>
<fwdEngineeringStrategyName>Single Table</fwdEngineeringStrategyName>
<growthPercent>0</growthPercent>
<growthType>Year</growthType>
<maxVolumes>9999999</maxVolumes>
<minVolumes>0</minVolumes>
<normalForm>Third</normalForm>
<attributes itemClass="oracle.dbtools.crest.model.design.logical.Attribute">
<Attribute name="cd_depto" id="36666E8E-0CF6-7FC4-8A07-F2B93943B4C6">
<createdBy>Wesley Pegoraro</createdBy>
<createdTime>2023-03-29 17:38:04 UTC</createdTime>
<ownerDesignName>MODELAGEM PROJETO SIP</ownerDesignName>
<engineerTo>
<item key="8E0753E1-8CC5-BCC0-C7B8-1D41A2E4CBBC" value="true"/>
</engineerTo>
<useDomainConstraints>false</useDomainConstraints>
<use>1</use>
<logicalDatatype>LOGDT019</logicalDatatype>
<dataTypePrecision>3</dataTypePrecision>
<ownDataTypeParameters>,3,</ownDataTypeParameters>
</Attribute>
<Attribute name="nm_depto" id="2A5D68B6-39BF-4CED-9321-2EE6311D166A">
<createdBy>Wesley Pegoraro</createdBy>
<createdTime>2023-03-29 17:38:12 UTC</createdTime>
<ownerDesignName>MODELAGEM PROJETO SIP</ownerDesignName>
<engineerTo>
<item key="8E0753E1-8CC5-BCC0-C7B8-1D41A2E4CBBC" value="true"/>
</engineerTo>
<useDomainConstraints>false</useDomainConstraints>
<use>1</use>
<logicalDatatype>LOGDT024</logicalDatatype>
<dataTypeSize>30</dataTypeSize>
<ownDataTypeParameters>30,,</ownDataTypeParameters>
</Attribute>
<Attribute name="sg_depto" id="8AFAF083-7661-938F-3E69-122C6E0CEB14">
<createdBy>Wesley Pegoraro</createdBy>
<createdTime>2023-03-29 17:38:24 UTC</createdTime>
<ownerDesignName>MODELAGEM PROJETO SIP</ownerDesignName>
<engineerTo>
<item key="8E0753E1-8CC5-BCC0-C7B8-1D41A2E4CBBC" value="true"/>
</engineerTo>
<useDomainConstraints>false</useDomainConstraints>
<use>1</use>
<logicalDatatype>LOGDT025</logicalDatatype>
<dataTypeSize>3</dataTypeSize>
<ownDataTypeParameters>3,,</ownDataTypeParameters>
</Attribute>
</attributes>
<identifiers itemClass="oracle.dbtools.crest.model.design.logical.CandidateKey">
<identifier id="A9FA25F8-E7A7-4B83-5FDA-7A69E359BCD4" name="T_SIP_DEPARTAMENTO PK">
<createdBy>Wesley Pegoraro</createdBy>
<createdTime>2023-03-29 17:38:07 UTC</createdTime>
<ownerDesignName>MODELAGEM PROJETO SIP</ownerDesignName>
<engineerTo>
<item key="8E0753E1-8CC5-BCC0-C7B8-1D41A2E4CBBC" value="true"/>
</engineerTo>
<pk>true</pk>
<usedAttributes>
<attributeRef>36666E8E-0CF6-7FC4-8A07-F2B93943B4C6</attributeRef>
</usedAttributes>
</identifier>
</identifiers>
</Entity>