<?xml version = '1.0' encoding = 'UTF-8'?>
<relationalModel class="oracle.dbtools.crest.model.design.relational.RelationalDesign" name="Relational_1" id="8E0753E1-8CC5-BCC0-C7B8-1D41A2E4CBBC" mainViewID="2F715A9F-556D-93FE-53D9-24A9B5ADB3BB">
<createdBy>Wesley Pegoraro</createdBy>
<createdTime>2023-03-29 17:11:03 UTC</createdTime>
<ownerDesignName>MODELAGEM PROJETO SIP</ownerDesignName>
<shouldBeOpen>true</shouldBeOpen>
<selectedRDBMSSite>32076570-2523-435C-2E92-BF29817DFF70</selectedRDBMSSite>
</relationalModel>