<?xml version = '1.0' encoding = 'UTF-8'?>
<Relation class="oracle.dbtools.crest.model.design.logical.Relation" name="Relation_9" directorySegmentName="seg_0" id="22742EEF-61D1-D345-45B0-557D3CB7CF2F">
<createdBy>Wesley Pegoraro</createdBy>
<createdTime>2023-04-26 18:07:15 UTC</createdTime>
<ownerDesignName>MODELAGEM PROJETO SIP</ownerDesignName>
<engineerTo>
<item key="8E0753E1-8CC5-BCC0-C7B8-1D41A2E4CBBC" value="true"/>
</engineerTo>
<sourcePk>79D585E3-D77C-3A47-1CC9-777EBE3BA672</sourcePk>
<identifying>false</identifying>
<optionalSource>true</optionalSource>
<optionalTarget>false</optionalTarget>
<sourceCardinality>1</sourceCardinality>
<sourceEntity>DE0CD6DC-2135-683E-30E7-4062730E7C5A</sourceEntity>
<targetCardinalityString>*</targetCardinalityString>
<targetEntity>591EA55F-DB47-9117-6109-9099A3EF48E2</targetEntity>
<transferable>true</transferable>
<deleteRule>NO ACTION</deleteRule>
</Relation>