<?xml version = '1.0' encoding = 'UTF-8'?>
<Relation class="oracle.dbtools.crest.model.design.logical.Relation" name="Relation_1" directorySegmentName="seg_0" id="295B596D-DF88-789E-F755-234A977E0FF1">
<createdBy>Wesley Pegoraro</createdBy>
<createdTime>2023-04-05 12:30:02 UTC</createdTime>
<ownerDesignName>MODELAGEM PROJETO SIP</ownerDesignName>
<engineerTo>
<item key="8E0753E1-8CC5-BCC0-C7B8-1D41A2E4CBBC" value="true"/>
</engineerTo>
<sourcePk>A9FA25F8-E7A7-4B83-5FDA-7A69E359BCD4</sourcePk>
<identifying>false</identifying>
<optionalSource>true</optionalSource>
<optionalTarget>false</optionalTarget>
<sourceCardinality>1</sourceCardinality>
<sourceEntity>B4D20A4D-80F7-8923-2237-5524072DD659</sourceEntity>
<targetCardinalityString>*</targetCardinalityString>
<targetEntity>DE0CD6DC-2135-683E-30E7-4062730E7C5A</targetEntity>
<transferable>true</transferable>
<deleteRule>NO ACTION</deleteRule>
</Relation>