<?xml version = '1.0' encoding = 'UTF-8'?>
<Relation class="oracle.dbtools.crest.model.design.logical.Relation" name="possui" directorySegmentName="seg_0" id="866853CF-1B2D-22CC-D6EB-C43B140E5BA1">
<createdBy>Wesley Pegoraro</createdBy>
<createdTime>2023-04-05 12:31:40 UTC</createdTime>
<ownerDesignName>MODELAGEM PROJETO SIP</ownerDesignName>
<engineerTo>
<item key="8E0753E1-8CC5-BCC0-C7B8-1D41A2E4CBBC" value="true"/>
</engineerTo>
<sourcePk>79D585E3-D77C-3A47-1CC9-777EBE3BA672</sourcePk>
<identifying>true</identifying>
<optionalSource>true</optionalSource>
<optionalTarget>false</optionalTarget>
<sourceCardinality>1</sourceCardinality>
<sourceEntity>DE0CD6DC-2135-683E-30E7-4062730E7C5A</sourceEntity>
<targetCardinalityString>*</targetCardinalityString>
<targetEntity>6E95F351-500F-3E8C-47E2-4B27F2EBB8E1</targetEntity>
<transferable>true</transferable>
<deleteRule>NO ACTION</deleteRule>
</Relation>